[
  {
    "value": "",
    "label": "All languages"
  },
  {
    "value": "unknown",
    "label": "Unknown languages"
  },
  {
    "value": "1c-enterprise",
    "label": "1C Enterprise"
  },
  {
    "value": "abap",
    "label": "ABAP"
  },
  {
    "value": "abnf",
    "label": "ABNF"
  },
  {
    "value": "actionscript",
    "label": "ActionScript"
  },
  {
    "value": "ada",
    "label": "Ada"
  },
  {
    "value": "adobe-font-metrics",
    "label": "Adobe Font Metrics"
  },
  {
    "value": "agda",
    "label": "Agda"
  },
  {
    "value": "ags-script",
    "label": "AGS Script"
  },
  {
    "value": "alloy",
    "label": "Alloy"
  },
  {
    "value": "alpine-abuild",
    "label": "Alpine Abuild"
  },
  {
    "value": "ampl",
    "label": "AMPL"
  },
  {
    "value": "angelscript",
    "label": "AngelScript"
  },
  {
    "value": "ant-build-system",
    "label": "Ant Build System"
  },
  {
    "value": "antlr",
    "label": "ANTLR"
  },
  {
    "value": "apacheconf",
    "label": "ApacheConf"
  },
  {
    "value": "apex",
    "label": "Apex"
  },
  {
    "value": "api-blueprint",
    "label": "API Blueprint"
  },
  {
    "value": "apl",
    "label": "APL"
  },
  {
    "value": "apollo-guidance-computer",
    "label": "Apollo Guidance Computer"
  },
  {
    "value": "applescript",
    "label": "AppleScript"
  },
  {
    "value": "arc",
    "label": "Arc"
  },
  {
    "value": "asciidoc",
    "label": "AsciiDoc"
  },
  {
    "value": "asn.1",
    "label": "ASN.1"
  },
  {
    "value": "asp",
    "label": "ASP"
  },
  {
    "value": "aspectj",
    "label": "AspectJ"
  },
  {
    "value": "assembly",
    "label": "Assembly"
  },
  {
    "value": "ats",
    "label": "ATS"
  },
  {
    "value": "augeas",
    "label": "Augeas"
  },
  {
    "value": "autohotkey",
    "label": "AutoHotkey"
  },
  {
    "value": "autoit",
    "label": "AutoIt"
  },
  {
    "value": "awk",
    "label": "Awk"
  },
  {
    "value": "ballerina",
    "label": "Ballerina"
  },
  {
    "value": "batchfile",
    "label": "Batchfile"
  },
  {
    "value": "befunge",
    "label": "Befunge"
  },
  {
    "value": "bison",
    "label": "Bison"
  },
  {
    "value": "bitbake",
    "label": "BitBake"
  },
  {
    "value": "blade",
    "label": "Blade"
  },
  {
    "value": "blitzbasic",
    "label": "BlitzBasic"
  },
  {
    "value": "blitzmax",
    "label": "BlitzMax"
  },
  {
    "value": "bluespec",
    "label": "Bluespec"
  },
  {
    "value": "boo",
    "label": "Boo"
  },
  {
    "value": "brainfuck",
    "label": "Brainfuck"
  },
  {
    "value": "brightscript",
    "label": "Brightscript"
  },
  {
    "value": "bro",
    "label": "Bro"
  },
  {
    "value": "c",
    "label": "C"
  },
  {
    "value": "c%23",
    "label": "C#"
  },
  {
    "value": "c++",
    "label": "C++"
  },
  {
    "value": "c-objdump",
    "label": "C-ObjDump"
  },
  {
    "value": "c2hs-haskell",
    "label": "C2hs Haskell"
  },
  {
    "value": "cap'n-proto",
    "label": "Cap'n Proto"
  },
  {
    "value": "cartocss",
    "label": "CartoCSS"
  },
  {
    "value": "ceylon",
    "label": "Ceylon"
  },
  {
    "value": "chapel",
    "label": "Chapel"
  },
  {
    "value": "charity",
    "label": "Charity"
  },
  {
    "value": "chuck",
    "label": "ChucK"
  },
  {
    "value": "cirru",
    "label": "Cirru"
  },
  {
    "value": "clarion",
    "label": "Clarion"
  },
  {
    "value": "clean",
    "label": "Clean"
  },
  {
    "value": "click",
    "label": "Click"
  },
  {
    "value": "clips",
    "label": "CLIPS"
  },
  {
    "value": "clojure",
    "label": "Clojure"
  },
  {
    "value": "closure-templates",
    "label": "Closure Templates"
  },
  {
    "value": "cmake",
    "label": "CMake"
  },
  {
    "value": "cobol",
    "label": "COBOL"
  },
  {
    "value": "coffeescript",
    "label": "CoffeeScript"
  },
  {
    "value": "coldfusion",
    "label": "ColdFusion"
  },
  {
    "value": "coldfusion-cfc",
    "label": "ColdFusion CFC"
  },
  {
    "value": "collada",
    "label": "COLLADA"
  },
  {
    "value": "common-lisp",
    "label": "Common Lisp"
  },
  {
    "value": "common-workflow-language",
    "label": "Common Workflow Language"
  },
  {
    "value": "component-pascal",
    "label": "Component Pascal"
  },
  {
    "value": "cool",
    "label": "Cool"
  },
  {
    "value": "coq",
    "label": "Coq"
  },
  {
    "value": "cpp-objdump",
    "label": "Cpp-ObjDump"
  },
  {
    "value": "creole",
    "label": "Creole"
  },
  {
    "value": "crystal",
    "label": "Crystal"
  },
  {
    "value": "cson",
    "label": "CSON"
  },
  {
    "value": "csound",
    "label": "Csound"
  },
  {
    "value": "csound-document",
    "label": "Csound Document"
  },
  {
    "value": "csound-score",
    "label": "Csound Score"
  },
  {
    "value": "css",
    "label": "CSS"
  },
  {
    "value": "csv",
    "label": "CSV"
  },
  {
    "value": "cuda",
    "label": "Cuda"
  },
  {
    "value": "cweb",
    "label": "CWeb"
  },
  {
    "value": "cycript",
    "label": "Cycript"
  },
  {
    "value": "cython",
    "label": "Cython"
  },
  {
    "value": "d",
    "label": "D"
  },
  {
    "value": "d-objdump",
    "label": "D-ObjDump"
  },
  {
    "value": "darcs-patch",
    "label": "Darcs Patch"
  },
  {
    "value": "dart",
    "label": "Dart"
  },
  {
    "value": "dataweave",
    "label": "DataWeave"
  },
  {
    "value": "desktop",
    "label": "desktop"
  },
  {
    "value": "diff",
    "label": "Diff"
  },
  {
    "value": "digital-command-language",
    "label": "DIGITAL Command Language"
  },
  {
    "value": "dm",
    "label": "DM"
  },
  {
    "value": "dns-zone",
    "label": "DNS Zone"
  },
  {
    "value": "dockerfile",
    "label": "Dockerfile"
  },
  {
    "value": "dogescript",
    "label": "Dogescript"
  },
  {
    "value": "dtrace",
    "label": "DTrace"
  },
  {
    "value": "dylan",
    "label": "Dylan"
  },
  {
    "value": "e",
    "label": "E"
  },
  {
    "value": "eagle",
    "label": "Eagle"
  },
  {
    "value": "easybuild",
    "label": "Easybuild"
  },
  {
    "value": "ebnf",
    "label": "EBNF"
  },
  {
    "value": "ec",
    "label": "eC"
  },
  {
    "value": "ecere-projects",
    "label": "Ecere Projects"
  },
  {
    "value": "ecl",
    "label": "ECL"
  },
  {
    "value": "eclipse",
    "label": "ECLiPSe"
  },
  {
    "value": "edje-data-collection",
    "label": "Edje Data Collection"
  },
  {
    "value": "edn",
    "label": "edn"
  },
  {
    "value": "eiffel",
    "label": "Eiffel"
  },
  {
    "value": "ejs",
    "label": "EJS"
  },
  {
    "value": "elixir",
    "label": "Elixir"
  },
  {
    "value": "elm",
    "label": "Elm"
  },
  {
    "value": "emacs-lisp",
    "label": "Emacs Lisp"
  },
  {
    "value": "emberscript",
    "label": "EmberScript"
  },
  {
    "value": "eq",
    "label": "EQ"
  },
  {
    "value": "erlang",
    "label": "Erlang"
  },
  {
    "value": "f%23",
    "label": "F#"
  },
  {
    "value": "factor",
    "label": "Factor"
  },
  {
    "value": "fancy",
    "label": "Fancy"
  },
  {
    "value": "fantom",
    "label": "Fantom"
  },
  {
    "value": "filebench-wml",
    "label": "Filebench WML"
  },
  {
    "value": "filterscript",
    "label": "Filterscript"
  },
  {
    "value": "fish",
    "label": "fish"
  },
  {
    "value": "flux",
    "label": "FLUX"
  },
  {
    "value": "formatted",
    "label": "Formatted"
  },
  {
    "value": "forth",
    "label": "Forth"
  },
  {
    "value": "fortran",
    "label": "Fortran"
  },
  {
    "value": "freemarker",
    "label": "FreeMarker"
  },
  {
    "value": "frege",
    "label": "Frege"
  },
  {
    "value": "g-code",
    "label": "G-code"
  },
  {
    "value": "game-maker-language",
    "label": "Game Maker Language"
  },
  {
    "value": "gams",
    "label": "GAMS"
  },
  {
    "value": "gap",
    "label": "GAP"
  },
  {
    "value": "gcc-machine-description",
    "label": "GCC Machine Description"
  },
  {
    "value": "gdb",
    "label": "GDB"
  },
  {
    "value": "gdscript",
    "label": "GDScript"
  },
  {
    "value": "genie",
    "label": "Genie"
  },
  {
    "value": "genshi",
    "label": "Genshi"
  },
  {
    "value": "gentoo-ebuild",
    "label": "Gentoo Ebuild"
  },
  {
    "value": "gentoo-eclass",
    "label": "Gentoo Eclass"
  },
  {
    "value": "gerber-image",
    "label": "Gerber Image"
  },
  {
    "value": "gettext-catalog",
    "label": "Gettext Catalog"
  },
  {
    "value": "gherkin",
    "label": "Gherkin"
  },
  {
    "value": "glsl",
    "label": "GLSL"
  },
  {
    "value": "glyph",
    "label": "Glyph"
  },
  {
    "value": "gn",
    "label": "GN"
  },
  {
    "value": "gnuplot",
    "label": "Gnuplot"
  },
  {
    "value": "go",
    "label": "Go"
  },
  {
    "value": "golo",
    "label": "Golo"
  },
  {
    "value": "gosu",
    "label": "Gosu"
  },
  {
    "value": "grace",
    "label": "Grace"
  },
  {
    "value": "gradle",
    "label": "Gradle"
  },
  {
    "value": "grammatical-framework",
    "label": "Grammatical Framework"
  },
  {
    "value": "graph-modeling-language",
    "label": "Graph Modeling Language"
  },
  {
    "value": "graphql",
    "label": "GraphQL"
  },
  {
    "value": "graphviz-(dot)",
    "label": "Graphviz (DOT)"
  },
  {
    "value": "groovy",
    "label": "Groovy"
  },
  {
    "value": "groovy-server-pages",
    "label": "Groovy Server Pages"
  },
  {
    "value": "hack",
    "label": "Hack"
  },
  {
    "value": "haml",
    "label": "Haml"
  },
  {
    "value": "handlebars",
    "label": "Handlebars"
  },
  {
    "value": "harbour",
    "label": "Harbour"
  },
  {
    "value": "haskell",
    "label": "Haskell"
  },
  {
    "value": "haxe",
    "label": "Haxe"
  },
  {
    "value": "hcl",
    "label": "HCL"
  },
  {
    "value": "hlsl",
    "label": "HLSL"
  },
  {
    "value": "html",
    "label": "HTML"
  },
  {
    "value": "html+django",
    "label": "HTML+Django"
  },
  {
    "value": "html+ecr",
    "label": "HTML+ECR"
  },
  {
    "value": "html+eex",
    "label": "HTML+EEX"
  },
  {
    "value": "html+erb",
    "label": "HTML+ERB"
  },
  {
    "value": "html+php",
    "label": "HTML+PHP"
  },
  {
    "value": "http",
    "label": "HTTP"
  },
  {
    "value": "hy",
    "label": "Hy"
  },
  {
    "value": "hyphy",
    "label": "HyPhy"
  },
  {
    "value": "idl",
    "label": "IDL"
  },
  {
    "value": "idris",
    "label": "Idris"
  },
  {
    "value": "igor-pro",
    "label": "IGOR Pro"
  },
  {
    "value": "inform-7",
    "label": "Inform 7"
  },
  {
    "value": "ini",
    "label": "INI"
  },
  {
    "value": "inno-setup",
    "label": "Inno Setup"
  },
  {
    "value": "io",
    "label": "Io"
  },
  {
    "value": "ioke",
    "label": "Ioke"
  },
  {
    "value": "irc-log",
    "label": "IRC log"
  },
  {
    "value": "isabelle",
    "label": "Isabelle"
  },
  {
    "value": "isabelle-root",
    "label": "Isabelle ROOT"
  },
  {
    "value": "j",
    "label": "J"
  },
  {
    "value": "jasmin",
    "label": "Jasmin"
  },
  {
    "value": "java",
    "label": "Java"
  },
  {
    "value": "java-server-pages",
    "label": "Java Server Pages"
  },
  {
    "value": "javascript",
    "label": "JavaScript"
  },
  {
    "value": "jflex",
    "label": "JFlex"
  },
  {
    "value": "jison",
    "label": "Jison"
  },
  {
    "value": "jison-lex",
    "label": "Jison Lex"
  },
  {
    "value": "jolie",
    "label": "Jolie"
  },
  {
    "value": "json",
    "label": "JSON"
  },
  {
    "value": "json5",
    "label": "JSON5"
  },
  {
    "value": "jsoniq",
    "label": "JSONiq"
  },
  {
    "value": "jsonld",
    "label": "JSONLD"
  },
  {
    "value": "jsx",
    "label": "JSX"
  },
  {
    "value": "julia",
    "label": "Julia"
  },
  {
    "value": "jupyter-notebook",
    "label": "Jupyter Notebook"
  },
  {
    "value": "kicad-layout",
    "label": "KiCad Layout"
  },
  {
    "value": "kicad-legacy-layout",
    "label": "KiCad Legacy Layout"
  },
  {
    "value": "kicad-schematic",
    "label": "KiCad Schematic"
  },
  {
    "value": "kit",
    "label": "Kit"
  },
  {
    "value": "kotlin",
    "label": "Kotlin"
  },
  {
    "value": "krl",
    "label": "KRL"
  },
  {
    "value": "labview",
    "label": "LabVIEW"
  },
  {
    "value": "lasso",
    "label": "Lasso"
  },
  {
    "value": "latte",
    "label": "Latte"
  },
  {
    "value": "lean",
    "label": "Lean"
  },
  {
    "value": "less",
    "label": "Less"
  },
  {
    "value": "lex",
    "label": "Lex"
  },
  {
    "value": "lfe",
    "label": "LFE"
  },
  {
    "value": "lilypond",
    "label": "LilyPond"
  },
  {
    "value": "limbo",
    "label": "Limbo"
  },
  {
    "value": "linker-script",
    "label": "Linker Script"
  },
  {
    "value": "linux-kernel-module",
    "label": "Linux Kernel Module"
  },
  {
    "value": "liquid",
    "label": "Liquid"
  },
  {
    "value": "literate-agda",
    "label": "Literate Agda"
  },
  {
    "value": "literate-coffeescript",
    "label": "Literate CoffeeScript"
  },
  {
    "value": "literate-haskell",
    "label": "Literate Haskell"
  },
  {
    "value": "livescript",
    "label": "LiveScript"
  },
  {
    "value": "llvm",
    "label": "LLVM"
  },
  {
    "value": "logos",
    "label": "Logos"
  },
  {
    "value": "logtalk",
    "label": "Logtalk"
  },
  {
    "value": "lolcode",
    "label": "LOLCODE"
  },
  {
    "value": "lookml",
    "label": "LookML"
  },
  {
    "value": "loomscript",
    "label": "LoomScript"
  },
  {
    "value": "lsl",
    "label": "LSL"
  },
  {
    "value": "lua",
    "label": "Lua"
  },
  {
    "value": "m",
    "label": "M"
  },
  {
    "value": "m4",
    "label": "M4"
  },
  {
    "value": "m4sugar",
    "label": "M4Sugar"
  },
  {
    "value": "makefile",
    "label": "Makefile"
  },
  {
    "value": "mako",
    "label": "Mako"
  },
  {
    "value": "markdown",
    "label": "Markdown"
  },
  {
    "value": "marko",
    "label": "Marko"
  },
  {
    "value": "mask",
    "label": "Mask"
  },
  {
    "value": "mathematica",
    "label": "Mathematica"
  },
  {
    "value": "matlab",
    "label": "Matlab"
  },
  {
    "value": "maven-pom",
    "label": "Maven POM"
  },
  {
    "value": "max",
    "label": "Max"
  },
  {
    "value": "maxscript",
    "label": "MAXScript"
  },
  {
    "value": "mediawiki",
    "label": "MediaWiki"
  },
  {
    "value": "mercury",
    "label": "Mercury"
  },
  {
    "value": "meson",
    "label": "Meson"
  },
  {
    "value": "metal",
    "label": "Metal"
  },
  {
    "value": "minid",
    "label": "MiniD"
  },
  {
    "value": "mirah",
    "label": "Mirah"
  },
  {
    "value": "modelica",
    "label": "Modelica"
  },
  {
    "value": "modula-2",
    "label": "Modula-2"
  },
  {
    "value": "module-management-system",
    "label": "Module Management System"
  },
  {
    "value": "monkey",
    "label": "Monkey"
  },
  {
    "value": "moocode",
    "label": "Moocode"
  },
  {
    "value": "moonscript",
    "label": "MoonScript"
  },
  {
    "value": "mql4",
    "label": "MQL4"
  },
  {
    "value": "mql5",
    "label": "MQL5"
  },
  {
    "value": "mtml",
    "label": "MTML"
  },
  {
    "value": "muf",
    "label": "MUF"
  },
  {
    "value": "mupad",
    "label": "mupad"
  },
  {
    "value": "myghty",
    "label": "Myghty"
  },
  {
    "value": "ncl",
    "label": "NCL"
  },
  {
    "value": "nearley",
    "label": "Nearley"
  },
  {
    "value": "nemerle",
    "label": "Nemerle"
  },
  {
    "value": "nesc",
    "label": "nesC"
  },
  {
    "value": "netlinx",
    "label": "NetLinx"
  },
  {
    "value": "netlinx+erb",
    "label": "NetLinx+ERB"
  },
  {
    "value": "netlogo",
    "label": "NetLogo"
  },
  {
    "value": "newlisp",
    "label": "NewLisp"
  },
  {
    "value": "nextflow",
    "label": "Nextflow"
  },
  {
    "value": "nginx",
    "label": "Nginx"
  },
  {
    "value": "nim",
    "label": "Nim"
  },
  {
    "value": "ninja",
    "label": "Ninja"
  },
  {
    "value": "nit",
    "label": "Nit"
  },
  {
    "value": "nix",
    "label": "Nix"
  },
  {
    "value": "nl",
    "label": "NL"
  },
  {
    "value": "nsis",
    "label": "NSIS"
  },
  {
    "value": "nu",
    "label": "Nu"
  },
  {
    "value": "numpy",
    "label": "NumPy"
  },
  {
    "value": "objdump",
    "label": "ObjDump"
  },
  {
    "value": "objective-c",
    "label": "Objective-C"
  },
  {
    "value": "objective-c++",
    "label": "Objective-C++"
  },
  {
    "value": "objective-j",
    "label": "Objective-J"
  },
  {
    "value": "ocaml",
    "label": "OCaml"
  },
  {
    "value": "omgrofl",
    "label": "Omgrofl"
  },
  {
    "value": "ooc",
    "label": "ooc"
  },
  {
    "value": "opa",
    "label": "Opa"
  },
  {
    "value": "opal",
    "label": "Opal"
  },
  {
    "value": "opencl",
    "label": "OpenCL"
  },
  {
    "value": "openedge-abl",
    "label": "OpenEdge ABL"
  },
  {
    "value": "openrc-runscript",
    "label": "OpenRC runscript"
  },
  {
    "value": "openscad",
    "label": "OpenSCAD"
  },
  {
    "value": "opentype-feature-file",
    "label": "OpenType Feature File"
  },
  {
    "value": "org",
    "label": "Org"
  },
  {
    "value": "ox",
    "label": "Ox"
  },
  {
    "value": "oxygene",
    "label": "Oxygene"
  },
  {
    "value": "oz",
    "label": "Oz"
  },
  {
    "value": "p4",
    "label": "P4"
  },
  {
    "value": "pan",
    "label": "Pan"
  },
  {
    "value": "papyrus",
    "label": "Papyrus"
  },
  {
    "value": "parrot",
    "label": "Parrot"
  },
  {
    "value": "parrot-assembly",
    "label": "Parrot Assembly"
  },
  {
    "value": "parrot-internal-representation",
    "label": "Parrot Internal Representation"
  },
  {
    "value": "pascal",
    "label": "Pascal"
  },
  {
    "value": "pawn",
    "label": "PAWN"
  },
  {
    "value": "pep8",
    "label": "Pep8"
  },
  {
    "value": "perl",
    "label": "Perl"
  },
  {
    "value": "perl-6",
    "label": "Perl 6"
  },
  {
    "value": "php",
    "label": "PHP"
  },
  {
    "value": "pic",
    "label": "Pic"
  },
  {
    "value": "pickle",
    "label": "Pickle"
  },
  {
    "value": "picolisp",
    "label": "PicoLisp"
  },
  {
    "value": "piglatin",
    "label": "PigLatin"
  },
  {
    "value": "pike",
    "label": "Pike"
  },
  {
    "value": "plpgsql",
    "label": "PLpgSQL"
  },
  {
    "value": "plsql",
    "label": "PLSQL"
  },
  {
    "value": "pod",
    "label": "Pod"
  },
  {
    "value": "pogoscript",
    "label": "PogoScript"
  },
  {
    "value": "pony",
    "label": "Pony"
  },
  {
    "value": "postscript",
    "label": "PostScript"
  },
  {
    "value": "pov-ray-sdl",
    "label": "POV-Ray SDL"
  },
  {
    "value": "powerbuilder",
    "label": "PowerBuilder"
  },
  {
    "value": "powershell",
    "label": "PowerShell"
  },
  {
    "value": "processing",
    "label": "Processing"
  },
  {
    "value": "prolog",
    "label": "Prolog"
  },
  {
    "value": "propeller-spin",
    "label": "Propeller Spin"
  },
  {
    "value": "protocol-buffer",
    "label": "Protocol Buffer"
  },
  {
    "value": "public-key",
    "label": "Public Key"
  },
  {
    "value": "pug",
    "label": "Pug"
  },
  {
    "value": "puppet",
    "label": "Puppet"
  },
  {
    "value": "pure-data",
    "label": "Pure Data"
  },
  {
    "value": "purebasic",
    "label": "PureBasic"
  },
  {
    "value": "purescript",
    "label": "PureScript"
  },
  {
    "value": "python",
    "label": "Python"
  },
  {
    "value": "python-console",
    "label": "Python console"
  },
  {
    "value": "python-traceback",
    "label": "Python traceback"
  },
  {
    "value": "qmake",
    "label": "QMake"
  },
  {
    "value": "qml",
    "label": "QML"
  },
  {
    "value": "r",
    "label": "R"
  },
  {
    "value": "racket",
    "label": "Racket"
  },
  {
    "value": "ragel",
    "label": "Ragel"
  },
  {
    "value": "raml",
    "label": "RAML"
  },
  {
    "value": "rascal",
    "label": "Rascal"
  },
  {
    "value": "raw-token-data",
    "label": "Raw token data"
  },
  {
    "value": "rdoc",
    "label": "RDoc"
  },
  {
    "value": "realbasic",
    "label": "REALbasic"
  },
  {
    "value": "reason",
    "label": "Reason"
  },
  {
    "value": "rebol",
    "label": "Rebol"
  },
  {
    "value": "red",
    "label": "Red"
  },
  {
    "value": "redcode",
    "label": "Redcode"
  },
  {
    "value": "regular-expression",
    "label": "Regular Expression"
  },
  {
    "value": "ren'py",
    "label": "Ren'Py"
  },
  {
    "value": "renderscript",
    "label": "RenderScript"
  },
  {
    "value": "restructuredtext",
    "label": "reStructuredText"
  },
  {
    "value": "rexx",
    "label": "REXX"
  },
  {
    "value": "rhtml",
    "label": "RHTML"
  },
  {
    "value": "ring",
    "label": "Ring"
  },
  {
    "value": "rmarkdown",
    "label": "RMarkdown"
  },
  {
    "value": "robotframework",
    "label": "RobotFramework"
  },
  {
    "value": "roff",
    "label": "Roff"
  },
  {
    "value": "rouge",
    "label": "Rouge"
  },
  {
    "value": "rpc",
    "label": "RPC"
  },
  {
    "value": "rpm-spec",
    "label": "RPM Spec"
  },
  {
    "value": "ruby",
    "label": "Ruby"
  },
  {
    "value": "runoff",
    "label": "RUNOFF"
  },
  {
    "value": "rust",
    "label": "Rust"
  },
  {
    "value": "sage",
    "label": "Sage"
  },
  {
    "value": "saltstack",
    "label": "SaltStack"
  },
  {
    "value": "sas",
    "label": "SAS"
  },
  {
    "value": "sass",
    "label": "Sass"
  },
  {
    "value": "scala",
    "label": "Scala"
  },
  {
    "value": "scaml",
    "label": "Scaml"
  },
  {
    "value": "scheme",
    "label": "Scheme"
  },
  {
    "value": "scilab",
    "label": "Scilab"
  },
  {
    "value": "scss",
    "label": "SCSS"
  },
  {
    "value": "self",
    "label": "Self"
  },
  {
    "value": "shaderlab",
    "label": "ShaderLab"
  },
  {
    "value": "shell",
    "label": "Shell"
  },
  {
    "value": "shellsession",
    "label": "ShellSession"
  },
  {
    "value": "shen",
    "label": "Shen"
  },
  {
    "value": "slash",
    "label": "Slash"
  },
  {
    "value": "slim",
    "label": "Slim"
  },
  {
    "value": "smali",
    "label": "Smali"
  },
  {
    "value": "smalltalk",
    "label": "Smalltalk"
  },
  {
    "value": "smarty",
    "label": "Smarty"
  },
  {
    "value": "smt",
    "label": "SMT"
  },
  {
    "value": "solidity",
    "label": "Solidity"
  },
  {
    "value": "sourcepawn",
    "label": "SourcePawn"
  },
  {
    "value": "sparql",
    "label": "SPARQL"
  },
  {
    "value": "spline-font-database",
    "label": "Spline Font Database"
  },
  {
    "value": "sqf",
    "label": "SQF"
  },
  {
    "value": "sql",
    "label": "SQL"
  },
  {
    "value": "sqlpl",
    "label": "SQLPL"
  },
  {
    "value": "squirrel",
    "label": "Squirrel"
  },
  {
    "value": "srecode-template",
    "label": "SRecode Template"
  },
  {
    "value": "stan",
    "label": "Stan"
  },
  {
    "value": "standard-ml",
    "label": "Standard ML"
  },
  {
    "value": "stata",
    "label": "Stata"
  },
  {
    "value": "ston",
    "label": "STON"
  },
  {
    "value": "stylus",
    "label": "Stylus"
  },
  {
    "value": "sublime-text-config",
    "label": "Sublime Text Config"
  },
  {
    "value": "subrip-text",
    "label": "SubRip Text"
  },
  {
    "value": "supercollider",
    "label": "SuperCollider"
  },
  {
    "value": "svg",
    "label": "SVG"
  },
  {
    "value": "swift",
    "label": "Swift"
  },
  {
    "value": "systemverilog",
    "label": "SystemVerilog"
  },
  {
    "value": "tcl",
    "label": "Tcl"
  },
  {
    "value": "tcsh",
    "label": "Tcsh"
  },
  {
    "value": "tea",
    "label": "Tea"
  },
  {
    "value": "terra",
    "label": "Terra"
  },
  {
    "value": "tex",
    "label": "TeX"
  },
  {
    "value": "text",
    "label": "Text"
  },
  {
    "value": "textile",
    "label": "Textile"
  },
  {
    "value": "thrift",
    "label": "Thrift"
  },
  {
    "value": "ti-program",
    "label": "TI Program"
  },
  {
    "value": "tla",
    "label": "TLA"
  },
  {
    "value": "toml",
    "label": "TOML"
  },
  {
    "value": "turing",
    "label": "Turing"
  },
  {
    "value": "turtle",
    "label": "Turtle"
  },
  {
    "value": "twig",
    "label": "Twig"
  },
  {
    "value": "txl",
    "label": "TXL"
  },
  {
    "value": "type-language",
    "label": "Type Language"
  },
  {
    "value": "typescript",
    "label": "TypeScript"
  },
  {
    "value": "unified-parallel-c",
    "label": "Unified Parallel C"
  },
  {
    "value": "unity3d-asset",
    "label": "Unity3D Asset"
  },
  {
    "value": "unix-assembly",
    "label": "Unix Assembly"
  },
  {
    "value": "uno",
    "label": "Uno"
  },
  {
    "value": "unrealscript",
    "label": "UnrealScript"
  },
  {
    "value": "urweb",
    "label": "UrWeb"
  },
  {
    "value": "vala",
    "label": "Vala"
  },
  {
    "value": "vcl",
    "label": "VCL"
  },
  {
    "value": "verilog",
    "label": "Verilog"
  },
  {
    "value": "vhdl",
    "label": "VHDL"
  },
  {
    "value": "vim-script",
    "label": "Vim script"
  },
  {
    "value": "visual-basic",
    "label": "Visual Basic"
  },
  {
    "value": "volt",
    "label": "Volt"
  },
  {
    "value": "vue",
    "label": "Vue"
  },
  {
    "value": "wavefront-material",
    "label": "Wavefront Material"
  },
  {
    "value": "wavefront-object",
    "label": "Wavefront Object"
  },
  {
    "value": "wdl",
    "label": "wdl"
  },
  {
    "value": "web-ontology-language",
    "label": "Web Ontology Language"
  },
  {
    "value": "webassembly",
    "label": "WebAssembly"
  },
  {
    "value": "webidl",
    "label": "WebIDL"
  },
  {
    "value": "wisp",
    "label": "wisp"
  },
  {
    "value": "world-of-warcraft-addon-data",
    "label": "World of Warcraft Addon Data"
  },
  {
    "value": "x10",
    "label": "X10"
  },
  {
    "value": "xbase",
    "label": "xBase"
  },
  {
    "value": "xc",
    "label": "XC"
  },
  {
    "value": "xcompose",
    "label": "XCompose"
  },
  {
    "value": "xml",
    "label": "XML"
  },
  {
    "value": "xojo",
    "label": "Xojo"
  },
  {
    "value": "xpages",
    "label": "XPages"
  },
  {
    "value": "xpm",
    "label": "XPM"
  },
  {
    "value": "xproc",
    "label": "XProc"
  },
  {
    "value": "xquery",
    "label": "XQuery"
  },
  {
    "value": "xs",
    "label": "XS"
  },
  {
    "value": "xslt",
    "label": "XSLT"
  },
  {
    "value": "xtend",
    "label": "Xtend"
  },
  {
    "value": "yacc",
    "label": "Yacc"
  },
  {
    "value": "yaml",
    "label": "YAML"
  },
  {
    "value": "yang",
    "label": "YANG"
  },
  {
    "value": "zephir",
    "label": "Zephir"
  },
  {
    "value": "zimpl",
    "label": "Zimpl"
  }
]